"genes";"P.Value";"logFC";"ComparisonID";"Entry";"Gene.ontology.IDs";"Pathway";"Keywords";"Protein.names"
"YALI1_B18292g";0,901919287625656;0,0199755150071317;"JFYL007_U_116_0.1vsJFYL007_AS_116_0.1";"A0A1D8N7Q9";"GO:0008519; GO:0016021";"";"Ammonia transport;Membrane;Transmembrane;Transmembrane helix;Transport";"Ammonium transporter"
"YALI1_B18292g";0,0548500756046617;0,301533396898071;"OKYL029_U_3_0.1vsOKYL029_AS_3_0.1";"A0A1D8N7Q9";"GO:0008519; GO:0016021";"";"Ammonia transport;Membrane;Transmembrane;Transmembrane helix;Transport";"Ammonium transporter"
"YALI1_B18292g";0,585635523240143;0,0892629546627859;"OKYL049_U_116_0.1vsOKYL049_AS_116_0.1";"A0A1D8N7Q9";"GO:0008519; GO:0016021";"";"Ammonia transport;Membrane;Transmembrane;Transmembrane helix;Transport";"Ammonium transporter"
"YALI1_B18292g";0,000439757424886774;0,574565297049886;"OKYL049_U_3_0.1vsOKYL049_AS_3_0.1";"A0A1D8N7Q9";"GO:0008519; GO:0016021";"";"Ammonia transport;Membrane;Transmembrane;Transmembrane helix;Transport";"Ammonium transporter"
"YALI1_B18292g";0,144910550168527;0,238573288008797;"OKYL029_U_116_0.1vsOKYL029_AS_116_0.1";"A0A1D8N7Q9";"GO:0008519; GO:0016021";"";"Ammonia transport;Membrane;Transmembrane;Transmembrane helix;Transport";"Ammonium transporter"
"YALI1_B18292g";0,0265553005752647;0,352895065121436;"JFYL007_U_3_0.1vsJFYL007_AS_3_0.1";"A0A1D8N7Q9";"GO:0008519; GO:0016021";"";"Ammonia transport;Membrane;Transmembrane;Transmembrane helix;Transport";"Ammonium transporter"
"YALI1_B19217g";0,854028186401344;-0,10842140225637;"OKYL049_U_3_0.1vsOKYL049_AS_3_0.1";"A0A1H6PI17";"GO:0004485; GO:0005524; GO:0046872";"";"ATP-binding;Biotin;Ligase;Nucleotide-binding";"Carbamoyl-phosphate synthase L chain, ATP binding domain-domain-containing protein (Methylcrotonoyl-CoA carboxylase subunit alpha) (EC 6.4.1.4)"
"YALI1_B19217g";0,236312199692473;0,272980752861939;"JFYL007_U_116_0.1vsJFYL007_AS_116_0.1";"A0A1H6PI17";"GO:0004485; GO:0005524; GO:0046872";"";"ATP-binding;Biotin;Ligase;Nucleotide-binding";"Carbamoyl-phosphate synthase L chain, ATP binding domain-domain-containing protein (Methylcrotonoyl-CoA carboxylase subunit alpha) (EC 6.4.1.4)"
"YALI1_B19217g";0,844692683537358;0,111923956479057;"OKYL029_U_3_0.1vsOKYL029_AS_3_0.1";"A0A1H6PI17";"GO:0004485; GO:0005524; GO:0046872";"";"ATP-binding;Biotin;Ligase;Nucleotide-binding";"Carbamoyl-phosphate synthase L chain, ATP binding domain-domain-containing protein (Methylcrotonoyl-CoA carboxylase subunit alpha) (EC 6.4.1.4)"
"YALI1_B19217g";0,621050912366421;-0,313734459105359;"JFYL007_U_3_0.1vsJFYL007_AS_3_0.1";"A0A1H6PI17";"GO:0004485; GO:0005524; GO:0046872";"";"ATP-binding;Biotin;Ligase;Nucleotide-binding";"Carbamoyl-phosphate synthase L chain, ATP binding domain-domain-containing protein (Methylcrotonoyl-CoA carboxylase subunit alpha) (EC 6.4.1.4)"
"YALI1_B19217g";0,724019928867703;0,130853384105491;"OKYL029_U_116_0.1vsOKYL029_AS_116_0.1";"A0A1H6PI17";"GO:0004485; GO:0005524; GO:0046872";"";"ATP-binding;Biotin;Ligase;Nucleotide-binding";"Carbamoyl-phosphate synthase L chain, ATP binding domain-domain-containing protein (Methylcrotonoyl-CoA carboxylase subunit alpha) (EC 6.4.1.4)"
"YALI1_B19217g";0,167983950434153;0,656260689167259;"OKYL049_U_116_0.1vsOKYL049_AS_116_0.1";"A0A1H6PI17";"GO:0004485; GO:0005524; GO:0046872";"";"ATP-binding;Biotin;Ligase;Nucleotide-binding";"Carbamoyl-phosphate synthase L chain, ATP binding domain-domain-containing protein (Methylcrotonoyl-CoA carboxylase subunit alpha) (EC 6.4.1.4)"
"YALI1_B26112g";0,65343781087619;-0,225099197689457;"OKYL049_U_116_0.1vsOKYL049_AS_116_0.1";"A0A1D8N8M9";"GO:0005506; GO:0006541; GO:0010181; GO:0016040; GO:0050660; GO:0051538; GO:0097054";"PATHWAY: Amino-acid biosynthesis; L-glutamate biosynthesis via GLT pathway; L-glutamate from 2-oxoglutarate and L-glutamine (NAD(+) route): step 1/1. {ECO:0000256|ARBA:ARBA00004944}.; PATHWAY: Energy metabolism; nitrogen metabolism. {ECO:0000256|ARBA:ARBA00004802}.; PATHWAY: Nitrogen metabolism. {ECO:0000256|ARBA:ARBA00004909}.";"3Fe-4S;Amino-acid biosynthesis;FAD;FMN;Flavoprotein;Glutamate biosynthesis;Glutamine amidotransferase;Iron;Iron-sulfur;Metal-binding;Oxidoreductase";"Glutamate synthase (NADH) (EC 1.4.1.14)"
"YALI1_B26112g";0,787006087322688;-0,137152211417658;"JFYL007_U_116_0.1vsJFYL007_AS_116_0.1";"A0A1D8N8M9";"GO:0005506; GO:0006541; GO:0010181; GO:0016040; GO:0050660; GO:0051538; GO:0097054";"PATHWAY: Amino-acid biosynthesis; L-glutamate biosynthesis via GLT pathway; L-glutamate from 2-oxoglutarate and L-glutamine (NAD(+) route): step 1/1. {ECO:0000256|ARBA:ARBA00004944}.; PATHWAY: Energy metabolism; nitrogen metabolism. {ECO:0000256|ARBA:ARBA00004802}.; PATHWAY: Nitrogen metabolism. {ECO:0000256|ARBA:ARBA00004909}.";"3Fe-4S;Amino-acid biosynthesis;FAD;FMN;Flavoprotein;Glutamate biosynthesis;Glutamine amidotransferase;Iron;Iron-sulfur;Metal-binding;Oxidoreductase";"Glutamate synthase (NADH) (EC 1.4.1.14)"
"YALI1_B26112g";0,631466483386969;-0,251134246031174;"OKYL029_U_116_0.1vsOKYL029_AS_116_0.1";"A0A1D8N8M9";"GO:0005506; GO:0006541; GO:0010181; GO:0016040; GO:0050660; GO:0051538; GO:0097054";"PATHWAY: Amino-acid biosynthesis; L-glutamate biosynthesis via GLT pathway; L-glutamate from 2-oxoglutarate and L-glutamine (NAD(+) route): step 1/1. {ECO:0000256|ARBA:ARBA00004944}.; PATHWAY: Energy metabolism; nitrogen metabolism. {ECO:0000256|ARBA:ARBA00004802}.; PATHWAY: Nitrogen metabolism. {ECO:0000256|ARBA:ARBA00004909}.";"3Fe-4S;Amino-acid biosynthesis;FAD;FMN;Flavoprotein;Glutamate biosynthesis;Glutamine amidotransferase;Iron;Iron-sulfur;Metal-binding;Oxidoreductase";"Glutamate synthase (NADH) (EC 1.4.1.14)"
"YALI1_B26112g";0,189612795792677;-0,588964797829479;"OKYL029_U_3_0.1vsOKYL029_AS_3_0.1";"A0A1D8N8M9";"GO:0005506; GO:0006541; GO:0010181; GO:0016040; GO:0050660; GO:0051538; GO:0097054";"PATHWAY: Amino-acid biosynthesis; L-glutamate biosynthesis via GLT pathway; L-glutamate from 2-oxoglutarate and L-glutamine (NAD(+) route): step 1/1. {ECO:0000256|ARBA:ARBA00004944}.; PATHWAY: Energy metabolism; nitrogen metabolism. {ECO:0000256|ARBA:ARBA00004802}.; PATHWAY: Nitrogen metabolism. {ECO:0000256|ARBA:ARBA00004909}.";"3Fe-4S;Amino-acid biosynthesis;FAD;FMN;Flavoprotein;Glutamate biosynthesis;Glutamine amidotransferase;Iron;Iron-sulfur;Metal-binding;Oxidoreductase";"Glutamate synthase (NADH) (EC 1.4.1.14)"
"YALI1_B26112g";0,309998579153433;-0,559800932069902;"JFYL007_U_3_0.1vsJFYL007_AS_3_0.1";"A0A1D8N8M9";"GO:0005506; GO:0006541; GO:0010181; GO:0016040; GO:0050660; GO:0051538; GO:0097054";"PATHWAY: Amino-acid biosynthesis; L-glutamate biosynthesis via GLT pathway; L-glutamate from 2-oxoglutarate and L-glutamine (NAD(+) route): step 1/1. {ECO:0000256|ARBA:ARBA00004944}.; PATHWAY: Energy metabolism; nitrogen metabolism. {ECO:0000256|ARBA:ARBA00004802}.; PATHWAY: Nitrogen metabolism. {ECO:0000256|ARBA:ARBA00004909}.";"3Fe-4S;Amino-acid biosynthesis;FAD;FMN;Flavoprotein;Glutamate biosynthesis;Glutamine amidotransferase;Iron;Iron-sulfur;Metal-binding;Oxidoreductase";"Glutamate synthase (NADH) (EC 1.4.1.14)"
"YALI1_B26112g";0,158176209289311;0,690729206783186;"OKYL049_U_3_0.1vsOKYL049_AS_3_0.1";"A0A1D8N8M9";"GO:0005506; GO:0006541; GO:0010181; GO:0016040; GO:0050660; GO:0051538; GO:0097054";"PATHWAY: Amino-acid biosynthesis; L-glutamate biosynthesis via GLT pathway; L-glutamate from 2-oxoglutarate and L-glutamine (NAD(+) route): step 1/1. {ECO:0000256|ARBA:ARBA00004944}.; PATHWAY: Energy metabolism; nitrogen metabolism. {ECO:0000256|ARBA:ARBA00004802}.; PATHWAY: Nitrogen metabolism. {ECO:0000256|ARBA:ARBA00004909}.";"3Fe-4S;Amino-acid biosynthesis;FAD;FMN;Flavoprotein;Glutamate biosynthesis;Glutamine amidotransferase;Iron;Iron-sulfur;Metal-binding;Oxidoreductase";"Glutamate synthase (NADH) (EC 1.4.1.14)"
"YALI1_C31252g";0,982954030411937;-0,0174600794920958;"OKYL029_U_3_0.1vsOKYL029_AS_3_0.1";"A0A1D8NCB4";"GO:0003700; GO:0005634; GO:0006357; GO:0008270; GO:0043565";"";"Metal-binding;Zinc;Zinc-finger";"GATA-type domain-containing protein"
"YALI1_C31252g";0,585762921698743;-0,329198554091129;"OKYL029_U_116_0.1vsOKYL029_AS_116_0.1";"A0A1D8NCB4";"GO:0003700; GO:0005634; GO:0006357; GO:0008270; GO:0043565";"";"Metal-binding;Zinc;Zinc-finger";"GATA-type domain-containing protein"
"YALI1_C31252g";0,836741253149295;0,197597250171745;"JFYL007_U_3_0.1vsJFYL007_AS_3_0.1";"A0A1D8NCB4";"GO:0003700; GO:0005634; GO:0006357; GO:0008270; GO:0043565";"";"Metal-binding;Zinc;Zinc-finger";"GATA-type domain-containing protein"
"YALI1_C31252g";0,667158599713099;0,345928082345961;"OKYL049_U_3_0.1vsOKYL049_AS_3_0.1";"A0A1D8NCB4";"GO:0003700; GO:0005634; GO:0006357; GO:0008270; GO:0043565";"";"Metal-binding;Zinc;Zinc-finger";"GATA-type domain-containing protein"
"YALI1_C31252g";0,71691455760271;0,154492800885257;"JFYL007_U_116_0.1vsJFYL007_AS_116_0.1";"A0A1D8NCB4";"GO:0003700; GO:0005634; GO:0006357; GO:0008270; GO:0043565";"";"Metal-binding;Zinc;Zinc-finger";"GATA-type domain-containing protein"
"YALI1_C31252g";0,943078375346843;0,0546054631728023;"OKYL049_U_116_0.1vsOKYL049_AS_116_0.1";"A0A1D8NCB4";"GO:0003700; GO:0005634; GO:0006357; GO:0008270; GO:0043565";"";"Metal-binding;Zinc;Zinc-finger";"GATA-type domain-containing protein"
"YALI1_D22906g";0,0012567577394829;-1,08688571030988;"OKYL029_U_116_0.1vsOKYL029_AS_116_0.1";"A0A1D8NF40";"GO:0000256; GO:0004037";"";"Hydrolase";"Allantoicase (EC 3.5.3.4)"
"YALI1_D22906g";0,0277575701829844;-0,78097445094209;"OKYL049_U_116_0.1vsOKYL049_AS_116_0.1";"A0A1D8NF40";"GO:0000256; GO:0004037";"";"Hydrolase";"Allantoicase (EC 3.5.3.4)"
"YALI1_D22906g";0,571118564969703;0,161617474926955;"JFYL007_U_116_0.1vsJFYL007_AS_116_0.1";"A0A1D8NF40";"GO:0000256; GO:0004037";"";"Hydrolase";"Allantoicase (EC 3.5.3.4)"
"YALI1_D22906g";0,0385763864877192;-0,580320139259006;"JFYL007_U_3_0.1vsJFYL007_AS_3_0.1";"A0A1D8NF40";"GO:0000256; GO:0004037";"";"Hydrolase";"Allantoicase (EC 3.5.3.4)"
"YALI1_D22906g";0,380443797679764;-0,208119468542634;"OKYL029_U_3_0.1vsOKYL029_AS_3_0.1";"A0A1D8NF40";"GO:0000256; GO:0004037";"";"Hydrolase";"Allantoicase (EC 3.5.3.4)"
"YALI1_D22906g";3,94478919641083e-08;-1,64226852227724;"OKYL049_U_3_0.1vsOKYL049_AS_3_0.1";"A0A1D8NF40";"GO:0000256; GO:0004037";"";"Hydrolase";"Allantoicase (EC 3.5.3.4)"
"YALI1_D26006g";0,527869886630142;-0,385563277551037;"OKYL029_U_116_0.1vsOKYL029_AS_116_0.1";"A0A1D8NFG6";"GO:0003700; GO:0005634; GO:0006357; GO:0008270; GO:0043565";"";"Metal-binding;Zinc;Zinc-finger";"Nitrogen catabolic enzyme regulatory protein"
"YALI1_D26006g";0,29188681614811;0,822110543408467;"OKYL029_U_3_0.1vsOKYL029_AS_3_0.1";"A0A1D8NFG6";"GO:0003700; GO:0005634; GO:0006357; GO:0008270; GO:0043565";"";"Metal-binding;Zinc;Zinc-finger";"Nitrogen catabolic enzyme regulatory protein"
"YALI1_D26006g";0,0408949977501882;-1,35126731219842;"JFYL007_U_116_0.1vsJFYL007_AS_116_0.1";"A0A1D8NFG6";"GO:0003700; GO:0005634; GO:0006357; GO:0008270; GO:0043565";"";"Metal-binding;Zinc;Zinc-finger";"Nitrogen catabolic enzyme regulatory protein"
"YALI1_D26006g";0,895567361976132;0,0682083927065662;"OKYL049_U_116_0.1vsOKYL049_AS_116_0.1";"A0A1D8NFG6";"GO:0003700; GO:0005634; GO:0006357; GO:0008270; GO:0043565";"";"Metal-binding;Zinc;Zinc-finger";"Nitrogen catabolic enzyme regulatory protein"
"YALI1_D26006g";0,442095356182346;0,635035746693818;"OKYL049_U_3_0.1vsOKYL049_AS_3_0.1";"A0A1D8NFG6";"GO:0003700; GO:0005634; GO:0006357; GO:0008270; GO:0043565";"";"Metal-binding;Zinc;Zinc-finger";"Nitrogen catabolic enzyme regulatory protein"
"YALI1_D26006g";0,611341370699366;0,350648998914447;"JFYL007_U_3_0.1vsJFYL007_AS_3_0.1";"A0A1D8NFG6";"GO:0003700; GO:0005634; GO:0006357; GO:0008270; GO:0043565";"";"Metal-binding;Zinc;Zinc-finger";"Nitrogen catabolic enzyme regulatory protein"
"YALI1_E06484g";0,922908730511671;0,0516148412787447;"OKYL029_U_116_0.1vsOKYL029_AS_116_0.1";"A0A1D8NH88";"GO:0003700; GO:0005634; GO:0006357; GO:0008270; GO:0043565";"";"Metal-binding;Zinc;Zinc-finger";"Uncharacterized protein"
"YALI1_E06484g";0,0495093304378027;-1,13674126983222;"OKYL049_U_116_0.1vsOKYL049_AS_116_0.1";"A0A1D8NH88";"GO:0003700; GO:0005634; GO:0006357; GO:0008270; GO:0043565";"";"Metal-binding;Zinc;Zinc-finger";"Uncharacterized protein"
"YALI1_E06484g";0,440071044929224;0,427434740733533;"JFYL007_U_3_0.1vsJFYL007_AS_3_0.1";"A0A1D8NH88";"GO:0003700; GO:0005634; GO:0006357; GO:0008270; GO:0043565";"";"Metal-binding;Zinc;Zinc-finger";"Uncharacterized protein"
"YALI1_E06484g";0,742681535320849;-0,165907527108191;"OKYL049_U_3_0.1vsOKYL049_AS_3_0.1";"A0A1D8NH88";"GO:0003700; GO:0005634; GO:0006357; GO:0008270; GO:0043565";"";"Metal-binding;Zinc;Zinc-finger";"Uncharacterized protein"
"YALI1_E06484g";0,471191841245198;-0,310131410940625;"JFYL007_U_116_0.1vsJFYL007_AS_116_0.1";"A0A1D8NH88";"GO:0003700; GO:0005634; GO:0006357; GO:0008270; GO:0043565";"";"Metal-binding;Zinc;Zinc-finger";"Uncharacterized protein"
"YALI1_E06484g";0,203346330953884;-0,535507966153677;"OKYL029_U_3_0.1vsOKYL029_AS_3_0.1";"A0A1D8NH88";"GO:0003700; GO:0005634; GO:0006357; GO:0008270; GO:0043565";"";"Metal-binding;Zinc;Zinc-finger";"Uncharacterized protein"
"YALI1_E08620g";0,462101778516835;0,418836598846934;"JFYL007_U_3_0.1vsJFYL007_AS_3_0.1";"A0A1D8NHG0";"GO:0004847; GO:0005524; GO:0016787; GO:0016829; GO:0046872";"";"ATP-binding;Biotin;Hydrolase;Ligase;Lyase;Nucleotide-binding";"Urea amidolyase (EC 6.3.4.6)"
"YALI1_E08620g";0,0644426225786356;0,989919741338519;"OKYL029_U_3_0.1vsOKYL029_AS_3_0.1";"A0A1D8NHG0";"GO:0004847; GO:0005524; GO:0016787; GO:0016829; GO:0046872";"";"ATP-binding;Biotin;Hydrolase;Ligase;Lyase;Nucleotide-binding";"Urea amidolyase (EC 6.3.4.6)"
"YALI1_E08620g";0,0489147530380552;1,26456583353207;"OKYL049_U_3_0.1vsOKYL049_AS_3_0.1";"A0A1D8NHG0";"GO:0004847; GO:0005524; GO:0016787; GO:0016829; GO:0046872";"";"ATP-binding;Biotin;Hydrolase;Ligase;Lyase;Nucleotide-binding";"Urea amidolyase (EC 6.3.4.6)"
"YALI1_E08620g";0,453275355225623;0,399991082982385;"OKYL029_U_116_0.1vsOKYL029_AS_116_0.1";"A0A1D8NHG0";"GO:0004847; GO:0005524; GO:0016787; GO:0016829; GO:0046872";"";"ATP-binding;Biotin;Hydrolase;Ligase;Lyase;Nucleotide-binding";"Urea amidolyase (EC 6.3.4.6)"
"YALI1_E08620g";0,207406438860988;0,654359233604706;"JFYL007_U_116_0.1vsJFYL007_AS_116_0.1";"A0A1D8NHG0";"GO:0004847; GO:0005524; GO:0016787; GO:0016829; GO:0046872";"";"ATP-binding;Biotin;Hydrolase;Ligase;Lyase;Nucleotide-binding";"Urea amidolyase (EC 6.3.4.6)"
"YALI1_E08620g";0,299211634722736;0,590415641410766;"OKYL049_U_116_0.1vsOKYL049_AS_116_0.1";"A0A1D8NHG0";"GO:0004847; GO:0005524; GO:0016787; GO:0016829; GO:0046872";"";"ATP-binding;Biotin;Hydrolase;Ligase;Lyase;Nucleotide-binding";"Urea amidolyase (EC 6.3.4.6)"
"YALI1_E19757g";0,024730526707032;0,350072448762923;"OKYL029_U_116_0.1vsOKYL029_AS_116_0.1";"A0A1D8NIP4";"GO:0006355; GO:0008270; GO:0043565";"";"Metal-binding;Zinc;Zinc-finger";"Transcriptional regulatory protein ASH1"
"YALI1_E19757g";0,684426606945217;0,0615656334372208;"OKYL049_U_116_0.1vsOKYL049_AS_116_0.1";"A0A1D8NIP4";"GO:0006355; GO:0008270; GO:0043565";"";"Metal-binding;Zinc;Zinc-finger";"Transcriptional regulatory protein ASH1"
"YALI1_E19757g";0,999471671325043;-9,26784562267358e-05;"OKYL049_U_3_0.1vsOKYL049_AS_3_0.1";"A0A1D8NIP4";"GO:0006355; GO:0008270; GO:0043565";"";"Metal-binding;Zinc;Zinc-finger";"Transcriptional regulatory protein ASH1"
"YALI1_E19757g";0,268676535006019;0,149089367731458;"OKYL029_U_3_0.1vsOKYL029_AS_3_0.1";"A0A1D8NIP4";"GO:0006355; GO:0008270; GO:0043565";"";"Metal-binding;Zinc;Zinc-finger";"Transcriptional regulatory protein ASH1"
"YALI1_E19757g";0,942711998499382;-0,0103759560775494;"JFYL007_U_3_0.1vsJFYL007_AS_3_0.1";"A0A1D8NIP4";"GO:0006355; GO:0008270; GO:0043565";"";"Metal-binding;Zinc;Zinc-finger";"Transcriptional regulatory protein ASH1"
"YALI1_E19757g";0,497202045867267;-0,119251897618193;"JFYL007_U_116_0.1vsJFYL007_AS_116_0.1";"A0A1D8NIP4";"GO:0006355; GO:0008270; GO:0043565";"";"Metal-binding;Zinc;Zinc-finger";"Transcriptional regulatory protein ASH1"
"YALI1_E32180g";0,917524100685992;0,0476744644078559;"JFYL007_U_116_0.1vsJFYL007_AS_116_0.1";"A0A1D8NK74";"GO:0008519; GO:0016021";"";"Ammonia transport;Membrane;Transmembrane;Transmembrane helix;Transport";"Ammonium transporter"
"YALI1_E32180g";0,918422162772112;0,125529956150059;"OKYL029_U_3_0.1vsOKYL029_AS_3_0.1";"A0A1D8NK74";"GO:0008519; GO:0016021";"";"Ammonia transport;Membrane;Transmembrane;Transmembrane helix;Transport";"Ammonium transporter"
"YALI1_E32180g";0,181679293601502;-0,547628470087365;"OKYL049_U_116_0.1vsOKYL049_AS_116_0.1";"A0A1D8NK74";"GO:0008519; GO:0016021";"";"Ammonia transport;Membrane;Transmembrane;Transmembrane helix;Transport";"Ammonium transporter"
"YALI1_E32180g";0,975126427801728;0,0382117991163478;"JFYL007_U_3_0.1vsJFYL007_AS_3_0.1";"A0A1D8NK74";"GO:0008519; GO:0016021";"";"Ammonia transport;Membrane;Transmembrane;Transmembrane helix;Transport";"Ammonium transporter"
"YALI1_E32180g";0,753943421057704;-0,146076451524909;"OKYL029_U_116_0.1vsOKYL029_AS_116_0.1";"A0A1D8NK74";"GO:0008519; GO:0016021";"";"Ammonia transport;Membrane;Transmembrane;Transmembrane helix;Transport";"Ammonium transporter"
"YALI1_E32180g";0,378703279978677;1,0208831538471;"OKYL049_U_3_0.1vsOKYL049_AS_3_0.1";"A0A1D8NK74";"GO:0008519; GO:0016021";"";"Ammonia transport;Membrane;Transmembrane;Transmembrane helix;Transport";"Ammonium transporter"
"YALI1_E41754g";0,211526214194683;0,697908253866882;"OKYL049_U_116_0.1vsOKYL049_AS_116_0.1";"A0A1D8NLA4";"GO:0005524; GO:0016787; GO:0016874; GO:0046872";"";"ATP-binding;Biotin;Hydrolase;Ligase;Nucleotide-binding";"Uncharacterized protein"
"YALI1_E41754g";0,0214911044216974;1,26583344849973;"OKYL029_U_116_0.1vsOKYL029_AS_116_0.1";"A0A1D8NLA4";"GO:0005524; GO:0016787; GO:0016874; GO:0046872";"";"ATP-binding;Biotin;Hydrolase;Ligase;Nucleotide-binding";"Uncharacterized protein"
"YALI1_E41754g";0,133381886762641;-0,735271155284134;"JFYL007_U_3_0.1vsJFYL007_AS_3_0.1";"A0A1D8NLA4";"GO:0005524; GO:0016787; GO:0016874; GO:0046872";"";"ATP-binding;Biotin;Hydrolase;Ligase;Nucleotide-binding";"Uncharacterized protein"
"YALI1_E41754g";0,17634719685848;0,548802424694228;"JFYL007_U_116_0.1vsJFYL007_AS_116_0.1";"A0A1D8NLA4";"GO:0005524; GO:0016787; GO:0016874; GO:0046872";"";"ATP-binding;Biotin;Hydrolase;Ligase;Nucleotide-binding";"Uncharacterized protein"
"YALI1_E41754g";0,558955125571264;0,335592419986686;"OKYL049_U_3_0.1vsOKYL049_AS_3_0.1";"A0A1D8NLA4";"GO:0005524; GO:0016787; GO:0016874; GO:0046872";"";"ATP-binding;Biotin;Hydrolase;Ligase;Nucleotide-binding";"Uncharacterized protein"
"YALI1_E41754g";0,0808140312749225;0,934124356922905;"OKYL029_U_3_0.1vsOKYL029_AS_3_0.1";"A0A1D8NLA4";"GO:0005524; GO:0016787; GO:0016874; GO:0046872";"";"ATP-binding;Biotin;Hydrolase;Ligase;Nucleotide-binding";"Uncharacterized protein"
"YALI1_F00821g";0,17442494011336;-0,630730411329732;"OKYL029_U_116_0.1vsOKYL029_AS_116_0.1";"A0A1D8NLC7";"GO:0004356; GO:0005524; GO:0006542";"";"ATP-binding;Ligase;Nucleotide-binding";"Glutamine synthetase (EC 6.3.1.2)"
"YALI1_F00821g";0,461646217905165;-0,288014540709487;"OKYL049_U_3_0.1vsOKYL049_AS_3_0.1";"A0A1D8NLC7";"GO:0004356; GO:0005524; GO:0006542";"";"ATP-binding;Ligase;Nucleotide-binding";"Glutamine synthetase (EC 6.3.1.2)"
"YALI1_F00821g";0,261496983210074;0,423223028646266;"OKYL029_U_3_0.1vsOKYL029_AS_3_0.1";"A0A1D8NLC7";"GO:0004356; GO:0005524; GO:0006542";"";"ATP-binding;Ligase;Nucleotide-binding";"Glutamine synthetase (EC 6.3.1.2)"
"YALI1_F00821g";0,434148545050864;-0,33985319845113;"JFYL007_U_3_0.1vsJFYL007_AS_3_0.1";"A0A1D8NLC7";"GO:0004356; GO:0005524; GO:0006542";"";"ATP-binding;Ligase;Nucleotide-binding";"Glutamine synthetase (EC 6.3.1.2)"
"YALI1_F00821g";0,313253770132356;0,422125457518355;"JFYL007_U_116_0.1vsJFYL007_AS_116_0.1";"A0A1D8NLC7";"GO:0004356; GO:0005524; GO:0006542";"";"ATP-binding;Ligase;Nucleotide-binding";"Glutamine synthetase (EC 6.3.1.2)"
"YALI1_F00821g";0,705004362809987;0,141171010061919;"OKYL049_U_116_0.1vsOKYL049_AS_116_0.1";"A0A1D8NLC7";"GO:0004356; GO:0005524; GO:0006542";"";"ATP-binding;Ligase;Nucleotide-binding";"Glutamine synthetase (EC 6.3.1.2)"
"YALI1_F12895g";0,923615283244168;-0,0244684698486024;"JFYL007_U_116_0.1vsJFYL007_AS_116_0.1";"A0A1D8NMN3";"GO:0004846; GO:0005777; GO:0006144; GO:0019628";"PATHWAY: Purine metabolism; urate degradation; (S)-allantoin from urate: step 1/3. {ECO:0000256|ARBA:ARBA00004831, ECO:0000256|PIRNR:PIRNR000241}.";"Oxidoreductase;Peroxisome;Purine metabolism";"Uricase (EC 1.7.3.3) (Urate oxidase)"
"YALI1_F12895g";0,659021556648374;0,150705637367508;"OKYL049_U_3_0.1vsOKYL049_AS_3_0.1";"A0A1D8NMN3";"GO:0004846; GO:0005777; GO:0006144; GO:0019628";"PATHWAY: Purine metabolism; urate degradation; (S)-allantoin from urate: step 1/3. {ECO:0000256|ARBA:ARBA00004831, ECO:0000256|PIRNR:PIRNR000241}.";"Oxidoreductase;Peroxisome;Purine metabolism";"Uricase (EC 1.7.3.3) (Urate oxidase)"
"YALI1_F12895g";0,6730813422512;-0,0937049710992257;"OKYL029_U_116_0.1vsOKYL029_AS_116_0.1";"A0A1D8NMN3";"GO:0004846; GO:0005777; GO:0006144; GO:0019628";"PATHWAY: Purine metabolism; urate degradation; (S)-allantoin from urate: step 1/3. {ECO:0000256|ARBA:ARBA00004831, ECO:0000256|PIRNR:PIRNR000241}.";"Oxidoreductase;Peroxisome;Purine metabolism";"Uricase (EC 1.7.3.3) (Urate oxidase)"
"YALI1_F12895g";0,000103416063989093;-1,02646998930026;"OKYL049_U_116_0.1vsOKYL049_AS_116_0.1";"A0A1D8NMN3";"GO:0004846; GO:0005777; GO:0006144; GO:0019628";"PATHWAY: Purine metabolism; urate degradation; (S)-allantoin from urate: step 1/3. {ECO:0000256|ARBA:ARBA00004831, ECO:0000256|PIRNR:PIRNR000241}.";"Oxidoreductase;Peroxisome;Purine metabolism";"Uricase (EC 1.7.3.3) (Urate oxidase)"
"YALI1_F12895g";0,141921917866559;0,476917426132038;"JFYL007_U_3_0.1vsJFYL007_AS_3_0.1";"A0A1D8NMN3";"GO:0004846; GO:0005777; GO:0006144; GO:0019628";"PATHWAY: Purine metabolism; urate degradation; (S)-allantoin from urate: step 1/3. {ECO:0000256|ARBA:ARBA00004831, ECO:0000256|PIRNR:PIRNR000241}.";"Oxidoreductase;Peroxisome;Purine metabolism";"Uricase (EC 1.7.3.3) (Urate oxidase)"
"YALI1_F12895g";0,883440706070651;-0,0458732466575889;"OKYL029_U_3_0.1vsOKYL029_AS_3_0.1";"A0A1D8NMN3";"GO:0004846; GO:0005777; GO:0006144; GO:0019628";"PATHWAY: Purine metabolism; urate degradation; (S)-allantoin from urate: step 1/3. {ECO:0000256|ARBA:ARBA00004831, ECO:0000256|PIRNR:PIRNR000241}.";"Oxidoreductase;Peroxisome;Purine metabolism";"Uricase (EC 1.7.3.3) (Urate oxidase)"
"YALI1_F17337g";0,00316365582165599;-0,33406401326968;"OKYL049_U_116_0.1vsOKYL049_AS_116_0.1";"A0A1D8NN72";"GO:0008519; GO:0016021";"";"Ammonia transport;Membrane;Transmembrane;Transmembrane helix;Transport";"Ammonium transporter"
"YALI1_F17337g";0,819337208196535;0,027802706071002;"OKYL049_U_3_0.1vsOKYL049_AS_3_0.1";"A0A1D8NN72";"GO:0008519; GO:0016021";"";"Ammonia transport;Membrane;Transmembrane;Transmembrane helix;Transport";"Ammonium transporter"
"YALI1_F17337g";0,801480046256109;0,031639062276378;"JFYL007_U_3_0.1vsJFYL007_AS_3_0.1";"A0A1D8NN72";"GO:0008519; GO:0016021";"";"Ammonia transport;Membrane;Transmembrane;Transmembrane helix;Transport";"Ammonium transporter"
"YALI1_F17337g";0,0662184279139588;-0,232775425596554;"OKYL029_U_3_0.1vsOKYL029_AS_3_0.1";"A0A1D8NN72";"GO:0008519; GO:0016021";"";"Ammonia transport;Membrane;Transmembrane;Transmembrane helix;Transport";"Ammonium transporter"
"YALI1_F17337g";0,0451551331973549;-0,274577317046617;"JFYL007_U_116_0.1vsJFYL007_AS_116_0.1";"A0A1D8NN72";"GO:0008519; GO:0016021";"";"Ammonia transport;Membrane;Transmembrane;Transmembrane helix;Transport";"Ammonium transporter"
"YALI1_F17337g";0,0937023608467741;-0,188327462950669;"OKYL029_U_116_0.1vsOKYL029_AS_116_0.1";"A0A1D8NN72";"GO:0008519; GO:0016021";"";"Ammonia transport;Membrane;Transmembrane;Transmembrane helix;Transport";"Ammonium transporter"
"YALI1_F22568g";0,00701885575853079;-2,00146909310583;"JFYL007_U_3_0.1vsJFYL007_AS_3_0.1";"A0A1H6PY57";"GO:0008519; GO:0016021";"";"Ammonia transport;Membrane;Transmembrane;Transmembrane helix;Transport";"Ammonium transporter"
"YALI1_F22568g";0,65715240271032;-0,207099822587351;"OKYL029_U_116_0.1vsOKYL029_AS_116_0.1";"A0A1H6PY57";"GO:0008519; GO:0016021";"";"Ammonia transport;Membrane;Transmembrane;Transmembrane helix;Transport";"Ammonium transporter"
"YALI1_F22568g";0,0250346079669916;-1,12502943132056;"JFYL007_U_116_0.1vsJFYL007_AS_116_0.1";"A0A1H6PY57";"GO:0008519; GO:0016021";"";"Ammonia transport;Membrane;Transmembrane;Transmembrane helix;Transport";"Ammonium transporter"
"YALI1_F22568g";0,420708561461749;-0,489388256123751;"OKYL049_U_116_0.1vsOKYL049_AS_116_0.1";"A0A1H6PY57";"GO:0008519; GO:0016021";"";"Ammonia transport;Membrane;Transmembrane;Transmembrane helix;Transport";"Ammonium transporter"
"YALI1_F22568g";0,71741930004467;0,224857395262546;"OKYL049_U_3_0.1vsOKYL049_AS_3_0.1";"A0A1H6PY57";"GO:0008519; GO:0016021";"";"Ammonia transport;Membrane;Transmembrane;Transmembrane helix;Transport";"Ammonium transporter"
"YALI1_F22568g";0,208922639189615;0,945798859272957;"OKYL029_U_3_0.1vsOKYL029_AS_3_0.1";"A0A1H6PY57";"GO:0008519; GO:0016021";"";"Ammonia transport;Membrane;Transmembrane;Transmembrane helix;Transport";"Ammonium transporter"
"YALI1_F23664g";0,108094730186703;0,844265820900787;"OKYL049_U_116_0.1vsOKYL049_AS_116_0.1";"A0A1D8NNW8";"GO:0000166; GO:0004354; GO:0006520";"";"NAD;NADP;Nucleotide-binding;Oxidoreductase";"Glutamate dehydrogenase"
"YALI1_F23664g";0,253962131581284;0,560545037323083;"JFYL007_U_3_0.1vsJFYL007_AS_3_0.1";"A0A1D8NNW8";"GO:0000166; GO:0004354; GO:0006520";"";"NAD;NADP;Nucleotide-binding;Oxidoreductase";"Glutamate dehydrogenase"
"YALI1_F23664g";0,0246730751371388;1,23072099883989;"OKYL049_U_3_0.1vsOKYL049_AS_3_0.1";"A0A1D8NNW8";"GO:0000166; GO:0004354; GO:0006520";"";"NAD;NADP;Nucleotide-binding;Oxidoreductase";"Glutamate dehydrogenase"
"YALI1_F23664g";0,00417914751091043;1,72503571958639;"OKYL029_U_3_0.1vsOKYL029_AS_3_0.1";"A0A1D8NNW8";"GO:0000166; GO:0004354; GO:0006520";"";"NAD;NADP;Nucleotide-binding;Oxidoreductase";"Glutamate dehydrogenase"
"YALI1_F23664g";0,913817000009056;0,0594685729425612;"OKYL029_U_116_0.1vsOKYL029_AS_116_0.1";"A0A1D8NNW8";"GO:0000166; GO:0004354; GO:0006520";"";"NAD;NADP;Nucleotide-binding;Oxidoreductase";"Glutamate dehydrogenase"
"YALI1_F23664g";0,353003709889385;-0,58659065414594;"JFYL007_U_116_0.1vsJFYL007_AS_116_0.1";"A0A1D8NNW8";"GO:0000166; GO:0004354; GO:0006520";"";"NAD;NADP;Nucleotide-binding;Oxidoreductase";"Glutamate dehydrogenase"
